run_id,case,name,outcome,http_status
"2026-10-04T18-39-34-899Z-1b753bc5","T08","T08 | Login before account creation","PASS","401"
"2026-10-04T18-39-34-899Z-1b753bc5","T01","T01 | Valid login A","PASS","200"
"2026-10-04T18-39-34-899Z-1b753bc5","T02","T02 | Wrong password","PASS","401"
"2026-10-04T18-39-34-899Z-1b753bc5","T03","T03 | Protected vehicles without token","PASS","401"
"2026-10-04T18-39-34-899Z-1b753bc5","T04","T04 | Dashboard with altered signature","FAIL","200"
"2026-10-04T18-39-34-899Z-1b753bc5","T05","T05 | Own dashboard","PASS","200"
"2026-10-04T18-39-34-899Z-1b753bc5","T09","T09 | Dashboard after signup and login","PASS","200"
"2026-10-04T18-39-34-899Z-1b753bc5","T06","T06 | Cross-user location A to B","FAIL","200"
"2026-10-04T18-39-34-899Z-1b753bc5","T06","T06 | Cross-user location B to A","FAIL","200"
"2026-10-04T18-39-34-899Z-1b753bc5","T07","T07 | Ordinary user attempts admin listing","FAIL","200"
"2026-10-04T18-39-34-899Z-1b753bc5","T10","T10 | Same token before expiration","PASS","200"
"2026-10-04T18-39-34-899Z-1b753bc5","T11","T11 | Same token after expiration","FAIL","200"
"2026-10-04T18-41-47-463Z-a8702241","T08","T08 | Login before account creation","PASS","401"
"2026-10-04T18-41-47-463Z-a8702241","T01","T01 | Valid login A","PASS","200"
"2026-10-04T18-41-47-463Z-a8702241","T02","T02 | Wrong password","PASS","401"
"2026-10-04T18-41-47-463Z-a8702241","T03","T03 | Protected vehicles without token","PASS","401"
"2026-10-04T18-41-47-463Z-a8702241","T04","T04 | Dashboard with altered signature","FAIL","200"
"2026-10-04T18-41-47-463Z-a8702241","T05","T05 | Own dashboard","PASS","200"
"2026-10-04T18-41-47-463Z-a8702241","T09","T09 | Dashboard after signup and login","PASS","200"
"2026-10-04T18-41-47-463Z-a8702241","T06","T06 | Cross-user location A to B","FAIL","200"
"2026-10-04T18-41-47-463Z-a8702241","T06","T06 | Cross-user location B to A","FAIL","200"
"2026-10-04T18-41-47-463Z-a8702241","T07","T07 | Ordinary user attempts admin listing","FAIL","200"
"2026-10-04T18-41-47-463Z-a8702241","T10","T10 | Same token before expiration","PASS","200"
"2026-10-04T18-41-47-463Z-a8702241","T11","T11 | Same token after expiration","FAIL","200"
"2026-10-04T18-43-58-429Z-031b8653","T08","T08 | Login before account creation","PASS","401"
"2026-10-04T18-43-58-429Z-031b8653","T01","T01 | Valid login A","PASS","200"
"2026-10-04T18-43-58-429Z-031b8653","T02","T02 | Wrong password","PASS","401"
"2026-10-04T18-43-58-429Z-031b8653","T03","T03 | Protected vehicles without token","PASS","401"
"2026-10-04T18-43-58-429Z-031b8653","T04","T04 | Dashboard with altered signature","FAIL","200"
"2026-10-04T18-43-58-429Z-031b8653","T05","T05 | Own dashboard","PASS","200"
"2026-10-04T18-43-58-429Z-031b8653","T09","T09 | Dashboard after signup and login","PASS","200"
"2026-10-04T18-43-58-429Z-031b8653","T06","T06 | Cross-user location A to B","FAIL","200"
"2026-10-04T18-43-58-429Z-031b8653","T06","T06 | Cross-user location B to A","FAIL","200"
"2026-10-04T18-43-58-429Z-031b8653","T07","T07 | Ordinary user attempts admin listing","FAIL","200"
"2026-10-04T18-43-58-429Z-031b8653","T10","T10 | Same token before expiration","PASS","200"
"2026-10-04T18-43-58-429Z-031b8653","T11","T11 | Same token after expiration","FAIL","200"
